id;nombre;cantidad;precio;descripcion
1;"Repujador de Cutícula de Titanio (Tipo Bisturí)";0;3.50;"REPUJADOR TITANIO BISTURI - Herramienta de manicura de titanio con un extremo para empujar cutículas y otro afilado tipo bisturí para limpieza precisa."
2;"Decoración para Uñas 'Cola de Sirena' (en Pastillero)";0;2.50;"COLA SIRENA FIGURA PASTILLERO - Set de glitter y figuras iridiscentes que imitan las escamas de una cola de sirena, presentadas en un organizador tipo pastillero."
3;"Flakes Hexagonales 'Sirena' (en Pastillero)";0;2.50;"FLAKE HEXAGON SIRENA PASTILLERO - Hojuelas (flakes) de forma hexagonal con efecto tornasolado, para encapsular en uñas de gel o acrílico."
4;"Polvo para Uñas - Efecto Aurora (Shell)";0;3.00;"EFECTO AURORA SHELL ORIGINAL - Polvo fino que se frota sobre el esmalte para crear un acabado perlado y multicromático, similar al interior de una concha marina."
5;"Cristales Swarovski AB (Tornasol) SS03";0;5.00;"SWAROSVKI AB TORNASOL SS03 - Cristales Swarovski originales de tamaño SS03 con efecto 'Aurora Boreal' (AB), que refleja m��ltiples colores."
6;"Decoración para Uñas 'Naturaleza Muerta' (en Pastillero)";0;3.00;"PASTILLERO NATURALEZA MUERTAS - Set de pequeñas flores y hojas secas y prensadas para encapsular en diseños de uñas."
7;"Tijera de Manicura (Punta Fina y Curva)";0;2.50;"TIJERITA FINA PUNTA CURVA - Tijera pequeña y precisa con puntas curvas, ideal para cortar cutículas o dar forma a las uñas con detalle."
8;"Polvo Efecto Espejo (Chrome) - Kit 22 Colores";0;20.00;"EFECTO ESPEJO SHROMER 22 COLORES - Set de 22 pigmentos en polvo que se frotan sobre el esmalte para crear un acabado metálico similar a un espejo."
9;"Gel Reforzador para Uñas 6 en 1";0;9.00;"GEL 6 EN 1 REFORZAMIENTO - Gel multifuncional que sirve como base, reforzador, nivelador, constructor, top coat y para adherir decoraciones."
10;"Removedor de Acrílico IBD (120 ml)";0;8.00;"REMOVEDOR ACRILICO IBD 120ML - Líquido profesional de la marca IBD para disolver y remover uñas acrílicas de forma segura."
11;"Organizador de Herramientas de Barbería";0;15.00;"ORGANIZADOR BARBERO - Estación o bandeja con compartimentos para organizar máquinas, peines, tijeras y otras herramientas de barbero."
12;"Aceite Lubricante para Máquinas Wahl (118 ml)";0;6.00;"ACEITE WAHL ORIGINA 118 ML - Aceite original de la marca Wahl para lubricar y mantener las cuchillas de las máquinas de cortar cabello."
13;"Esmalte Semipermanente Tiffany (10 ml)";0;4.00;"ESMALTE SEM PERM TIFFANY 10ML - Esmalte de uñas en gel de la marca Tiffany que requiere curado en lámpara UV/LED."
14;"Capa de Corte con Impresión Digital";0;10.00;"CAPA CORTE IMPRESIñN DIGITAL - Capa de peluquería fabricada con tela que presenta diseños o patrones impresos digitalmente."
15;"Afeitadora Inalámbrica WMARK NG-115";0;25.00;"WMARK AFEITA INLAMB NG 115 - Máquina de afeitar eléctrica e inalámbrica de la marca WMARK, modelo NG-115, para un rasurado al ras."
16;"Afeitadora Inalámbrica WMARK NG-1407";0;28.00;"WMARK AFEITA INLAMB NG 1407 - Máquina de afeitar eléctrica e inalámbrica de la marca WMARK, modelo NG-1407."
17;"Navaja de Afeitar Decorada para Barbería";0;8.00;"NAVAJA METALICA DECORADA BARBERIA - Navaja de barbero con mango metálico y diseños grabados, para uso con cuchillas desechables."
18;"Dispensador de Bandas para Cuello (Cuellero)";0;5.00;"CUELLERO COLOR RO- VER- AZUL - Dispensador de plástico para las bandas de papel que se colocan en el cuello antes del corte de cabello."
19;"Juego de Tijeras de Barbería Kasho";0;30.00;"JUEGO DE TIJERA BARBERIA KASHO - Set de tijeras de la marca Kasho, que usualmente incluye una tijera de corte y una de entresacar."
20;"Juego de Tijeras de Barbería ZD-6";0;25.00;"JUEGO DE TIJERA BARBERIA ZD-6 - Set de tijeras de barbería, modelo ZD-6, que incluye tijera de corte y de entresacar."
21;"Aceite en Aerosol 5 en 1 para Máquinas (Salon Clip)";0;7.00;"ACEITE AEROSOL SALON CLIP 5 EN 1 - Aerosol multifuncional que lubrica, enfría, limpia, desinfecta y previene la oxidación de las cuchillas."
22;"Cera-Pomada para Cabello Salon Clip (Aroma)";0;8.00;"CERA AROMA POMADE SALON CLIP L - Pomada para peinar el cabello con fijación y aroma, de la línea Salon Clip."
23;"Polvo Texturizador para Cabello (20 gr)";0;5.00;"POLVO TEXTURE 20GRS - Polvo voluminizador que se aplica en el cabello seco para dar textura, cuerpo y un acabado mate."
24;"Cera para Cabello 'Craft Wax' (75 gr)";0;6.00;"CRA IKT WAX 75GRS - Cera de modelado para el cabello, probablemente 'Craft Wax', para peinados con fijación flexible."
25;"Esmalte Súper Blanco Tiffany (15 ml)";0;4.00;"ESMALTE SUPER WHITE TIFFANY 15 - Esmalte de color blanco de alta pigmentación de la marca Tiffany, ideal para bases o punta francesa."
26;"Pincel Liner Tiffany #11 (Morado)";0;2.00;"PINCEL FIFFANY LINER MORADO 11 - Pincel fino y largo para nail art de la marca Tiffany, número 11, con mango morado."
27;"Delantal de Cuero para Barbero";0;20.00;"DELANTAL CUERO BARBERO SHOP - Delantal resistente de cuero o imitación, diseñado para proteger la ropa del barbero."
28;"Afeitadora Inalámbrica Kemei KM-2278";0;22.00;"AFEITADORA INALM KEMEI KM-2278 - Máquina de afeitar eléctrica e inalámbrica de la marca Kemei, modelo KM-2278."
29;"Gel de Afeitar 'Shaving Gel' Salon Clip (500 ml)";0;9.00;"SHVIN GEL SALON CLIP 500 ML - Gel transparente para afeitar que permite ver la zona a rasurar, ideal para perfilar."
30;"Colonia Aftershave Salon Clip";0;7.00;"AFTERSHAVE COLOGNE SALON CLIP - Loción para después del afeitado de la línea Salon Clip, con propiedades refrescantes y fragancia."
31;"Afeitadora Inalámbrica Kemei KM-2629";0;24.00;"AFEITADORA INALM KEMEI KM-2629 - Máquina de afeitar eléctrica e inalámbrica de la marca Kemei, modelo KM-2629."
32;"Pestañas Postizas Tiffany (Efecto Cruzado)";0;2.50;"PESTAñA CRUZADA TIFFANY LASH - Pestañas en tira de la marca Tiffany con un patrón de pelos entrecruzados para mayor volumen."
33;"Pinzas Separadoras de Cabello (Paquete 12 uds)";0;4.00;"PINZA SEPARADORA 12PCS - Paquete de 12 pinzas de plástico o metal para sujetar secciones de cabello durante el corte o peinado."
34;"Lima de Uñas Tiffany (Grano 100/180)";1;1.50;"LIMA TIFFANY NAIL 100/180 - Lima de uñas de la marca Tiffany con dos granos: 100 (más abrasivo) y 180 (más suave)."
35;"Peine de Corte Tony&Guy (Negro)";0;3.00;"PEINE NEGRO TONY&GUY - Peine profesional de corte de la marca Tony&Guy, de color negro y resistente."
36;"Glitter para Uñas 'Cola de Sirena' (10 ml)";0;2.00;"COLA SIRENA 10 ML - Frasco de 10 ml con glitter iridiscente para decoración de uñas."
37;"Peine de Corte Wahl #166 (Negro)";0;2.50;"PEINE WHAL CORTE NEGRA 166 - Peine de corte de la marca Wahl, modelo 166, de color negro."
38;"Trimmer Inalámbrico T9 (Negro y Dorado)";0;18.00;"TRIMMER INAL T9 BLACK GOLD - Máquina de contornos (patillera) inalámbrica, modelo T9, con diseño en negro y dorado."
39;"Brocha Redonda Grande para Polvo";0;6.00;"BROCHA REDONDA GRANDE - Brocha de maquillaje grande y de cerdas suaves, ideal para aplicar polvos faciales."
40;"Cepillo de Limpieza para Máquinas Wahl (Clipper Brush)";0;2.00;"CEPILLO CLIPER WHAL BRUSH - Cepillo pequeño con cerdas firmes para limpiar los restos de cabello de las cuchillas de las máquinas."
41;"Finish Gel UV Tiffany (10 ml)";13;4.50;"FINIS GEL UV TIFFANY 10ML - Gel de acabado de la marca Tiffany que requiere curado en lámpara UV/LED para un brillo duradero."
42;"Tintas de Acuarela para Nail Art (Water Color)";0;2.50;"WATERCOLOR TINTA AGUA - Tintas líquidas de acuarela especiales para 'nail art', que crean efectos de color translúcidos y difuminados."
43;"Empujador de Cutícula de Metal con Lanza";0;3.00;"REPUJADOR METAL LANZA - Herramienta de manicura de metal con un extremo para empujar la cutícula y otro en forma de lanza para limpiar."
44;"Esmalte Platinum Tiffany";0;5.00;"ESMALTE PLATNIUM TIFFANY - Esmalte de la marca Tiffany con alta concentración de glitter o shimmer para un acabado tipo platino."
45;"Limas Pulidoras (Spongie)";0;1.00;"LIMAS SPONGIE - Limas de uñas con superficie acolchada (esponja) y grano fino, para pulir y dar brillo a la uña."
46;"Silicona Perfumada para Cabello";0;4.00;"SILICONA CABELLO PERFUMADO - Sérum a base de silicona que aporta brillo, suavidad y un agradable aroma al cabello."
47;"Carrusel de Balines para Uñas";6;2.00;"CARRUSEL BALINES - Contenedor giratorio (carrusel) con balines de diferentes colores o tamaños para decoración de uñas."
48;"Gasas Limpiadoras para Uñas Tiffany (100 uds)";0;3.00;"GAZA DE UñAS TIFFANY 100 - Paquete de 100 toallitas o gasas sin pelusa para limpiar las uñas durante la manicura."
49;"Lámpara LED Portátil 'Jelly Canguro'";1;10.00;"LAMPARA JELLY CANGURO - Lámpara de curado LED pequeña y portátil, con un diseño flexible tipo 'canguro' para curar uñas individuales o tips."
50;"Extensiones de Pestañas Nagaraku";5;7.00;"PESTAñAS NAGUARAKU - Caja de extensiones de pestañas de la marca Nagaraku, para técnica pelo a pelo o volumen."
51;"Polvo para Uñas - Efecto 'Moonlight'";0;2.50;"EFECTO MOOLTGHT POWER - Polvo fino o pigmento para uñas que crea un acabado iridiscente o perlado, similar al reflejo de la luna."
52;"Extensiones de Pestañas Pelo a Pelo (Colores)";4;6.00;"PESTAñAS POR PELOS COLORES - Set de pestañas individuales en diversos colores para crear looks de fantasía con extensiones."
53;"Pestañas Postizas Tiffany (Modelo Cuadrado)";0;2.50;"PESTAñAS CUADRADO TIFFANY L - Pestañas en tira de la marca Tiffany, probablemente con un estilo de fibras rectas que da un efecto cuadrado."
54;"Tips de Soft Gel Tiffany (Curva C)";0;6.00;"UñAS TIFANY JELLY C - Puntas de uña postiza de gel suave (soft gel) de la marca Tiffany con una pronunciada 'Curva C'."
55;"Peinetas Decorativas (Diseño Corona)";0;3.00;"PEINETAS DE CORONA - Accesorio para el cabello en forma de peineta con una decoración de corona."
56;"Pulsera de Ojos Turcos";0;2.00;"PULSERA DE OJITOS - Pulsera con dijes en forma de 'ojo turco', usada como amuleto."
57;"Ganchos Metálicos para Cabello";0;1.50;"GANCHETAS METALICAS - Ganchos o pinzas de metal para sujetar el cabello."
58;"Acondicionador Olaplex";0;15.00;"OLAPLEX ACONDICIONADOR - Acondicionador de la marca Olaplex que ayuda a reparar, hidratar y desenredar el cabello."
59;"Tratamiento Capilar Olaplex (500 gr)";0;18.00;"BAñO DE CREMA OLAPLEX 500G - Tratamiento capilar intensivo de la marca Olaplex en presentación de 500 gramos."
60;"Tips para Uñas Tiffany (Forma Coffin, Transparentes)";0;10.00;"UñAS COFIN TIFANY CLEAR - Caja con tips de uña postiza transparentes de la marca Tiffany, con forma 'coffin'."
61;"Cristales para Uñas (en Pastillero 2x2)";0;2.00;"CRISTAL PASTILLERO 2X2 - Set de cristales para decoración de uñas en un organizador de 4 compartimentos."
62;"Base Rubber Tiffany (10 ml)";0;12.00;"RUBBER BASE TIFANY NAIL 10ML - Base de gel (rubber base) de la marca Tiffany, de consistencia espesa para aportar resistencia."
63;"Pincel para Acrílico (Mango de Madera)";0;4.00;"PINCEL ACRILICO MANGO MADERA - Pincel para la construcción de uñas acrílicas con un mango de madera."
64;"Tijera de Corte Kasho (Japonesa)";0;35.00;"TIJERA CORTE KASHO JAP - Tijera de peluquería de alta gama de la marca Kasho, de fabricación japonesa."
65;"Olla Calentadora de Cera";0;15.00;"CALENTADOR CERA - Calentador eléctrico para derretir cera depilatoria en lata o granulada."
66;"Navaja de Acero Inoxidable Salon Clip";1;3.50;"NAVAJA ACERO INOX SALON CLIUP - Navaja de barbero de acero inoxidable de la marca Salon Clip."
67;"Carrusel de Balines para Uñas (Mixto)";6;2.00;"CARRUSEL BALINES MIXTOS - Contenedor giratorio con balines de diferentes colores o tamaños para decoración de uñas."
68;"Set de 5 Punteros para Nail Art (Dotting Tools)";0;2.50;"PUNTEROD 5PCS - Juego de 5 herramientas para nail art con puntas esféricas de diferentes tamaños."
69;"Base Coat Tiffany (10 ml)";2;4.00;"BASE COAT TIFFANY NAIL 10ML - Capa base de la marca Tiffany para proteger la uña y mejorar la adherencia del esmalte."
70;"Top Coat Tiffany (10 ml)";0;4.00;"TOP CUAT TIFFANY NAIL 10ML - Capa final (sellador) de la marca Tiffany para proteger el esmalte y dar un acabado brillante."
71;"Empujador de Cutícula (Removedor de Esmalte)";0;3.00;"REPUJADOR PARA REMOVER ESMALTE - Herramienta de metal, a menudo con punta triangular, para ayudar a retirar el esmalte semipermanente ablandado."
72;"Finish Gel UV Tiffany (10 ml) (Duplicado)";0;4.50;"FINISH GEL UV TIFFANY NAILS 10ML - Gel de acabado de la marca Tiffany que requiere curado en lámpara UV/LED para un brillo duradero."
73;"Torno de Uñas Inalámbrico";1;35.00;"DREMEL INALAMBRICO - Torno o pulidor de uñas eléctrico e inalámbrico para manicura y pedicura profesional."
74;"Nail Prep Nivelador de pH Tiffany";0;4.00;"NAIL PRE NIVELADORA TIFFANY - Preparador de la marca Tiffany que deshidrata la uña y nivela el pH para una mejor adhesión de productos."
75;"Spider Gel para Nail Art (18 ml)";0;5.00;"GEL SPIDER SINGOIAO 18ML - Gel para 'nail art' de alta viscosidad que permite crear líneas finas y rectas como telarañas."
76;"Top Coat Reflective Glitter Tiffany";0;5.00;"TOP COAT REFLETIVE GLI TIFFANY - Top coat con partículas de glitter reflectivo que brillan intensamente con la luz directa o el flash."
77;"Hilo Tinturado para Diseño de Cejas (Blanco/Negro)";0;5.00;"HILO TINTURADO BLANCO NEGRO - Hilo pre-entintado en color blanco o negro para el diseño de cejas (brow mapping)."
78;"Mini Lámpara LED para Uñas 6W (Forma de Huevo)";0;5.00;"LAMPARA MINIHUEVITO 6W - Lámpara de curado LED muy pequeña y portátil de 6 vatios, con forma de huevo."
79;"Pincel Liner para Nail Art (Mango de Plástico)";0;1.50;"PINCEL LAINES MANGO PLASTICO - Pincel para delinear (liner) con mango de plástico, de bajo costo."
80;"Gel de Construcción (Builder Gel)";0;12.00;"GEL CONSTRUCCION - Gel constructor utilizado para crear extensiones de uñas, dar volumen y reforzar la uña natural."
81;"Pincel para Acrílico Kolinsky #30";0;20.00;"PINCEL #30 KALUSKY - Pincel de pelo natural Kolinsky, número 30, de alta calidad para la aplicación de acrílico."
82;"Cortacutículas";12;2.00;"CORTACUTICULAS - Herramienta metálica para cortar el exceso de cutícula."
83;"Tinte para Cabello (Color Variado)";0;6.00;"TINTE CABELLO - Tubo de tinte para la coloración permanente o semipermanente del cabello."
84;"Polvo Acrílico Tiffany (Color Variado)";0;4.00;"POLVO ACRILICO TIFFANY - Polvo acrílico de la marca Tiffany para la construcción de uñas."
85;"Cortacutículas (Acabado Tornasol)";3;3.00;"CORTACUTICULAS ARCOIRIS - Cortacutículas con un acabado metálico tornasolado, tipo arcoíris."
86;"Tijera de Corte Barrilito";0;10.00;"TIJERA CORTE BARRILITO - Tijera de peluquería de la marca Barrilito, conocida por su calidad profesional."
87;"Tips para Uñas Tiffany (Forma Coffin)";8;10.00;"UñAS TIFFANY COFFE - Caja con tips de uña postiza de la marca Tiffany, con forma 'coffin'."
88;"Brocha Taquera para Barbería";2;5.00;"BROCHA TAQUERA BARBERIA - Brocha ancha y suave, similar a una brocha de maquillaje grande, para retirar el pelo cortado."
89;"Esmalte de Uñas Convencional";4;2.00;"ESMALTE CONVENCIONAL - Esmalte de uñas tradicional de secado al aire."
90;"Polygel Acrílico";6;10.00;"POLIGEL ACRILICO - Híbrido entre gel y acrílico que ofrece una aplicación moldeable y sin olor fuerte."
91;"Polvo Efecto Espejo (Chrome Powder)";4;3.00;"POLVO ESPEJO A - Polvo de cromo ultra fino que se frota sobre el esmalte para crear un acabado metálico tipo espejo."
92;"Base Coat Maxglow (10 ml)";2;4.00;"BASE MAXGLOW 10 - Capa base de la marca Maxglow en presentación de 10 ml."
93;"Kit para Cejas";10;5.00;"cejas - Set que puede incluir sombras, cera, pinzas y brochas para el diseño de cejas."
94;"Gorro Térmico de Aluminio";8;1.50;"GORRO ALUMINIO - Gorro de aluminio desechable que utiliza el calor corporal para potenciar tratamientos capilares."
95;"Flores de Tinta en Resina para Uñas";3;3.50;"FLORES TINTA RESINA - Decoraciones para uñas que consisten en pequeñas flores encapsuladas en resina."
96;"Paleta de Madera para Depilar (Grande, Curva)";5;1.00;"PALETA MADERA CURVA GRANDE - Paleta de madera grande y con forma curva para aplicar cera depilatoria en áreas extensas del cuerpo."
97;"Gel para Uñas 5 en 1";7;8.00;"GEL 5 EN 1 - Gel multifuncional que puede servir como base, constructor, reforzador, top coat, etc."
98;"Pinza para Moldes Dual System (Transparente)";9;2.00;"PINZA POLIGEL CRISTAL - Pinza o clip transparente para mantener el molde dual presionado sobre la uña mientras se cura el polygel."
99;"Esmalte Liner Maxglow (8 ml)";6;3.00;"ESMALTE LINER NAIL ART MAXGLOW 8ML UNICA - Esmalte de la marca Maxglow con un pincel fino y largo incorporado, para hacer líneas y diseños."
100;"Esmalte Maxglow Diamond Cat Eye (10 ml, Plateado)";8;5.50;"ESMALTE MAXGLOW DIAMOND CAT EYE MAXGLOW 10ML (PLATEADO) UNICA - Esmalte magnético de Maxglow con partículas de glitter que crean un efecto 'ojo de gato' con acabado de diamante."
101;"Esmalte Semipermanente Dream Cat Eye (10 ml)";1;5.00;"ESMALTE SEM DREAM CAT EYE 10ML ñNICA - Esmalte semipermanente magnético con efecto 'ojo de gato' en tonos de ensueño."
102;"Esmalte Semipermanente Unicorn Magic (10 ml)";5;5.00;"ESMALTE SEM UNICORN MAGIC 10ML UNILA - Esmalte semipermanente con acabado iridiscente o con glitter que evoca la temática de unicornio."
103;"Esmalte Semipermanente Maxglow (Efecto Azúcar)";10;4.50;"ESMALTE SEMIPERMANENTE SUGAR MAXGLOW 10ML ñNICA - Esmalte semipermanente de Maxglow con una textura arenosa o granulada que imita el azúcar."
104;"Esmalte Semipermanente Maxglow (Colección Mermaid)";1;5.00;"ESMALTE MAXGLOW MERMAID 10ML UNDEFINED UNICA - Esmalte de la colección 'Sirena' de Maxglow, probablemente con tonos y acabados inspirados en el mar."
105;"Esmalte Semipermanente Maxglow (10 ml)";59;4.00;"ESMALTE SEMIPERMANENTE MAXGLOW 10ML UNICA - Esmalte de uñas en gel de la marca Maxglow que requiere curado en lámpara UV/LED."
106;"Tips para Uñas (Forma Coffin) - Caja 500 uds";1;10.00;"UñAS COFFIN UNICA X500 - Caja con 500 tips de uña postiza preformados con el estilo 'coffin' (ataúd)."
107;"Tips para Uñas (Curva C, Transparentes) - Caja 500 uds";3;10.00;"UñAS CURVA CLEAR X500 - Caja con 500 tips de uña postiza transparentes con una pronunciada 'Curva C'."
108;"Protein Bond Maxglow (15 ml)";3;3.50;"PROTEIN BOND MAXGLOW 15ML ñNICA - Preparador de la marca Maxglow que garantiza la adherencia de acrílico o esmaltes."
109;"Base Rubber Maxglow (10 ml)";3;12.00;"RUBBER BASE GEL MAXGLOW 10ML ñNICA - Base de gel (rubber base) de la marca Maxglow, de consistencia espesa para aportar resistencia."
110;"Kit de Tinte para Cabello Maxglow (100 ml)";4;7.00;"TINTE CABELLO MAXGLOW CON AGUA OXIGENADA 100ML ñNICA - Paquete que incluye un tubo de tinte de 100 ml de la marca Maxglow y una botella de agua oxigenada."
111;"Esterilizador de Calor Seco NV-210";1;40.00;"ESTERILIZADOR GDE NV-210 ñNICA - Esterilizador profesional que utiliza calor seco para desinfectar herramientas metálicas de manicura y peluquería."
112;"Polvo Acrílico Maxglow Pop Color (1 oz)";5;5.00;"POLVO ACRILICO MAXGLOW POP COLOR 10Z ñNICA - Polvo acrílico de la colección 'Pop Color' de Maxglow, en presentación de 1 onza, con colores vibrantes."
113;"Pegamento para Pestañas Salon Pro";1;4.00;"PEGA PESTANA SALON PRO ñNICA - Adhesivo de la marca Salon Pro para pegar pestañas postizas en tira o individuales."
114;"Set de 3 Pinceles Liner para Nail Art";2;2.50;"PINCEL LINER ESC X3 ñNICA - Paquete que contiene 3 pinceles finos y largos para nail art, de diferentes longitudes."
115;"Empujador de Cutícula (Doble Filo)";1;3.00;"REPUJADOR DOBLE FILO ñNICA ñNICA - Herramienta de manicura con dos extremos funcionales para trabajar la cutícula."
116;"Cuaderno Pequeño 'Baby Secret'";0;1.00;"CUADERNO BABY SECRET - Libreta pequeña, posiblemente con temática infantil."
117;"Cuaderno Infantil (100 Hojas)";0;2.00;"CUADERNO INFANTI 100H - Cuaderno de 100 hojas con diseño infantil."
118;"Ligas para Cabello (Gruesas)";0;1.00;"LIGUITA PARA CABELLO GRUESO - Paquete de ligas elásticas gruesas y resistentes para sujetar el cabello."
119;"Cartuchera Infantil";0;3.00;"CARTUCHERA DE NIñO - Estuche para lápices y útiles escolares con diseño para niños."
120;"Quitaesmalte Valmy";0;2.50;"ACETONA VALMY ORIGINAL - Removedor de esmalte de la marca Valmy."
121;"Espejo de Bolsillo (Forma de Manzana)";0;1.50;"ESPEJO TIPO MANZANA - Espejo compacto para cartera con forma de manzana."
122;"Juguete tipo Barbie (Modelo 822)";0;5.00;"JUGUETE BARBIE 822 - Muñeca tipo Barbie, modelo genérico 822."
123;"Preservativos Duo";0;2.00;"PRESERVATIVO DUO - Caja de preservativos de la marca Duo."
124;"Finish Gel (Top Coat) (Duplicado)";0;7.50;"FINISH GEL - Capa final o sellador para esmaltado en gel, que proporciona un acabado brillante y duradero."
125;"Top Coat M&Y (15 ml)";0;4.00;"TOP COAT M&Y 15ML - Capa final (sellador) de la marca M&Y en presentación de 15 ml."
126;"Esmalte de Uñas Nailem";0;1.50;"PINTURA UñA NAILEM - Esmalte de uñas convencional de la marca Nailem."
127;"Pestañas Postizas 3D (Tira Completa)";0;2.50;"PESTAñA CORRIDO 3D MAG - Pestañas postizas en tira con un efecto tridimensional (3D) para mayor volumen y profundidad."
128;"Esponja de Maquillaje para Base";0;1.00;"ESPONJA PARA BASE - Esponja tipo 'beauty blender' para aplicar base de maquillaje de forma uniforme."
129;"Pinzas de Peluquería (Paquete 12 uds)";0;4.00;"PINZA DE PELUQUERA X 12 PCS - Paquete de 12 pinzas para sujetar secciones de cabello."
130;"Set de Papel Foil de Colores (12 uds)";0;4.00;"SET DE PAPEL COLORES X12 - Paquete con 12 láminas de papel foil en diferentes colores para decoración de uñas."
131;"Cristales Swarovski Unicolor M&Y (1440 uds)";0;10.00;"SWAROVSKI UNICOLOR MY I440 - Paquete de 1440 cristales de imitación Swarovski de un solo color, de la marca M&Y."
132;"Máscara de Pestañas 'Colossal'";0;3.50;"RIMEL COLOSAL - Máscara de pestañas que promete dar un volumen extremo, estilo 'Colossal'."
133;"Máscara de Pestañas Flormar";0;4.00;"RIMEL FLOMROR - Máscara de pestañas de la marca Flormar."
134;"Brillo Labial (Aroma Fresa/Naranja)";0;1.00;"BRILLO DE FRESA NARANJA - Brillo para labios con sabor o aroma a fresa o naranja."
135;"Marcador Blanco para Uñas Havesbeauty";0;2.00;"MARCADOR BLANCO HAVESBEAUTY - Marcador con punta fina y tinta blanca para realizar diseños de nail art, como la punta francesa."
136;"Cepillo para Cejas (Dorado)";0;1.50;"CEPILLO PARA CEJA DORADO - Cepillo tipo 'spoolie' para peinar y dar forma a las cejas, con mango dorado."
137;"Monómero EzFlow (60 ml)";0;7.00;"MONOMERO 60ML EZFLOW - Líquido acrílico de la marca EzFlow en presentación de 60 ml."
138;"Agua Oxigenada Karlly (120 ml)";0;2.00;"AGUA OXIGENA KARLLY 120 ML - Revelador en crema (peróxido) de la marca Karlly en presentación de 120 ml."
139;"Lápiz de Cejas (Paquete)";0;3.00;"LAPIZ CEJA POR PAQUETE - Venta de lápices de cejas en paquete de varias unidades."
140;"Lápiz de Cejas con Cepillo";0;1.50;"LAPIZ CEJA CEPILLO - Lápiz delineador para cejas que incluye un cepillo 'spoolie' en el otro extremo."
141;"Glitter Corporal (Polvo de Hadas)";0;2.50;"POLVO DE HADAS - Polvo de glitter fino para aplicar en el cuerpo, cabello o rostro."
142;"Polvo Compacto Nahin con Espejo";0;3.00;"POLVO NAHIN CON/ESP - Polvo facial compacto de la marca Nahin que incluye un espejo en su estuche."
143;"Polvo Compacto Mao";0;2.50;"POLVO MAO - Polvo facial compacto de la marca Mao."
144;"Jabón Blanqueador Íntimo";0;4.00;"JABON BLANQUEADOR INT - Jabón formulado para aclarar la piel en zonas íntimas."
145;"Crema Blanqueadora para Manos y Pies";0;5.00;"CREMA BLANQUEADOR PIE Y MANO - Crema formulada para aclarar manchas en la piel de manos y pies."
146;"Rubor 'Highlighter Blush'";0;3.00;"RUBOR HIR BLUSH - Rubor que contiene partículas iluminadoras para dar color y brillo a las mejillas."
147;"Paleta de Sombras para Ojos";0;8.00;"PALETA DE SOMBRAS - Estuche que contiene múltiples tonos de sombras de ojos."
148;"Espejo de Bolsillo (Forma de Cerdito)";0;2.00;"ESPEJO DE COCHINITO - Espejo compacto para cartera con forma de cerdito."
149;"Corrector de Ojeras";0;2.50;"CORRECTOR OJERA - Corrector de maquillaje formulado para cubrir la pigmentación oscura debajo de los ojos."
150;"Rubor Iluminador (Modelo G186A)";0;3.00;"RUBOR ILUMINADOR G186A - Rubor con iluminador, modelo genérico G186A."
151;"Rubor Sevencool";0;3.50;"RUBOR SEVENCOOL - Rubor de la marca Sevencool."
152;"Lápiz Labial (Lipstick)";0;2.00;"PINTURA LABIAL LIP STICK - Barra de labios de color."
153;"Base de Maquillaje 'Fit Me'";0;5.00;"BASE FLIME - Base de maquillaje, probablemente imitación de la línea 'Fit Me' de Maybelline."
154;"Tinta de Labios (Envase de Barquilla)";0;2.00;"TINTA DE LABIO BARQUILLA - Tinta para labios de larga duración en un envase con forma de cono de helado."
155;"Tinta de Labios (Envase de Corazón)";0;2.00;"TINTA DE LABIO CORAZON LOVE - Tinta para labios en un envase con forma de corazón."
156;"Combo de Mini Perfumes (40 ml)";0;10.00;"COMBO PERFUME MINI 40ML - Set que incluye varios perfumes en formato de viaje de 40 ml."
157;"Perfume 'Only You'";0;8.00;"PERMUME ONLI YOU - Perfume, probablemente imitación o inspirado en 'Only You'."
158;"Sombra para Cejas Beauty (3 Tonos)";0;3.00;"SOMBRA CEJAS BEAUTY X3TONOS - Kit de sombras para cejas de la marca 'Beauty' que incluye tres tonalidades para un acabado natural."
;"Base para Glitter";1;8.00;"GLITER BASE - Base cremosa que sirve como adhesivo para fijar glitter y pigmentos a la piel, asegurando una larga duración."
;"Esmalte Maxglow - Colección Confeti";1;5.00;"MAXGLOW CONFETI VARIADOS - Esmalte de uñas semipermanente con partículas de colores y tamaños variados que crean un efecto de confeti."
;"Protein Bond (Adherente)";1;3.50;"PROTEIN BOND - Preparador que garantiza la adherencia de acrílico o esmaltes, nivelando el pH de la uña y aportando nutrientes."
;"Base Gel para Esmalte Semipermanente";1;8.00;"BASE GEL - Capa base que se aplica sobre la uña natural para protegerla y mejorar la adherencia y duración del esmalte en gel."
;"Gel Nivelador (Rubber Base)";1;12.33;"GEL NIVELADOR - Gel de consistencia espesa (rubber base) que fortalece, protege y corrige imperfecciones de la uña natural."
;"Jelli Builder Gel (Gelatina Constructora)";1;12.58;"JELLI BUILDER - Gel constructor con consistencia de gelatina, usado para esculpir, modelar y reforzar uñas, ideal para sistemas Jelly Tips."
;"Finish Gel (Top Coat)";1;7.50;"FINISH GEL - Capa final o sellador para esmaltado en gel, que proporciona un acabado brillante, protege el color y previene el desgaste."
;"Esmalte en Gel 3 en 1";1;8.00;"GEL 3 EN 1 - Esmalte en gel que combina base, color y top coat en un solo paso, simplificando la manicura semipermanente."
;"Esmalte Maxglow - Colección Christmas";1;4.00;"ESMALTE MAXGLOW CHRISTAMS - Colección de esmaltes semipermanentes Maxglow con colores y acabados inspirados en la temática navideña."
;"Aceite para Cutícula Maxglow";1;2.50;"ACEITE DE CUTICULA MAX - Aceite hidratante para nutrir y suavizar la piel alrededor de las uñas, promoviendo cutículas sanas."
;"Removedor de Cutícula Maxglow";1;3.00;"REMOVEDOR DE CUTICULA MAX - Líquido o gel que ablanda y facilita la eliminación del exceso de cutícula de forma suave y sin cortes."
;"Removedor de Cutícula Mombray";1;3.00;"REMOVEDOR DE CUTICULA MOMBRAY - Producto específico de la marca Mombray para ablandar y remover el exceso de tejido de la cutícula."
;"Gel Removedor de Esmalte Maxglow (Rosado)";1;6.00;"GEL REMOVEDOR MAXGLOW ROSADO - Gel para remover esmalte semipermanente, usualmente con una fórmula que es suave con la uña y la piel."
;"Removedor de Esmalte Maxglow (Marrón)";1;6.00;"REMOVEDOR MAXGLOW MARRON - Removedor de esmalte semipermanente de la marca Maxglow, posiblemente con una fragancia o característica distintiva."
;"Pegamento para Papel Foil";1;3.00;"PEGA FOIL - Adhesivo especial para transferir el papel foil decorativo a las uñas, creando efectos metalizados y holográficos."
;"Monómero EMA 50 ml";1;5.00;"MONOMEROS 50 ML EMA - Líquido acrílico (metacrilato de etilo) en presentación de 50 ml, componente esencial para esculpir uñas acrílicas."
;"Monómero EMA 100 ml";1;9.00;"MONOMEROS 100 ML EMA - Líquido acrílico (metacrilato de etilo) en presentación de 100 ml para la construcción de uñas acrílicas."
;"Líquido Limpia Pinceles";1;4.50;"LIMPIA PINCEL - Solución líquida diseñada para limpiar y acondicionar los pinceles de acrílico y gel, eliminando residuos y prolongando su vida útil."
;"Pegamento para Uñas Salom Pro";1;2.00;"SALOM PRO PEGA - Pegamento de uso profesional de la marca Salom, probablemente para tips o decoraciones de uñas."
;"Pegamento Acrílico con Brocha";1;2.50;"PEGA ACRILICA BRUSH ON - Adhesivo para uñas con aplicador de brocha, ideal para pegar tips, strass y realizar reparaciones rápidas."
;"Papel Foil Decorativo (Oro/Plata) - Caja 12 uds";1;4.00;"CAJAS DE PAPEL ORO /12 UND PLATEADO-DORADO - Set de 12 cajas de láminas finas de papel metalizado (oro y plata) para decoración de uñas y otras manualidades."
;"Polvo Acrílico Maxglow - Tono Blossom";1;4.00;"ACRILICOS BLOSOOM MAXGLOW - Polvo acrílico de la colección 'Blossom' de Maxglow, probablemente con tonalidades florales o efectos especiales."
;"Polvo Acrílico Maxglow - Tono Blush";1;4.00;"ACRILICOS BLUSH MAXGLOW - Polvo acrílico de Maxglow en un tono 'Blush' (rubor), ideal para bases de uñas con apariencia natural."
;"Polvo Acrílico Maxglow - Tono Coral";1;4.00;"ACRILICOS CORAL MAXGLOW - Polvo acrílico de Maxglow en tono coral, para la construcción de uñas con un color vibrante."
;"Polvo Acrílico Maxglow - Tono Pink";1;4.00;"ACRILICOS PINK MAXGLOW - Polvo acrílico de Maxglow en un tono rosado clásico para la construcción de uñas."
;"Polvo Acrílico Maxglow - Tono Clear";1;4.00;"ACRILICOS CLEAR MAXGLOW - Polvo acrílico transparente de Maxglow, utilizado para encapsular decoraciones y para la base de la uña."
;"Kit de Polvos Acrílicos (Varios Colores)";1;25.00;"ACRILICOS POR CAJAS - Venta de polvos acrílicos en formato de caja o kit, conteniendo múltiples colores o una cantidad mayor."
;"Polvo Acrílico Efecto Cola de Sirena";1;5.00;"ACRILICOS CON COLA DE SIRENA - Polvo acrílico premezclado con glitter hexagonal o iridiscente que imita las escamas de una cola de sirena."
;"Polygel Maxglow";1;10.00;"POLIGEL MAXGLOW - Híbrido entre gel y acrílico de la marca Maxglow, que ofrece una aplicación moldeable y sin olor fuerte."
;"Polygel Mombray";1;10.00;"POLIGEL MOMBRAY - Gel de construcción de la marca Mombray, con una fórmula similar al polygel para esculpir uñas."
;"Líquido para Polygel (Slip Solution)";1;5.50;"LIQUIDO PARA POLIGEL - Solución (Slip Solution) que facilita el moldeo y la aplicación del polygel, evitando que se pegue al pincel."
;"Gel Sólido Constructor (Jelly Builder)";1;13.00;"GEL SOLIDO JELLY BUILDER - Gel constructor de alta viscosidad que no se autonivela, permitiendo esculpir y dar forma con más control."
;"Building Gel (Gel Constructor)";1;12.00;"BUILDING GELL - Gel constructor utilizado para crear extensiones de uñas, dar volumen y reforzar la uña natural."
;"Espuma Limpiadora para Pestañas (Lash Shampoo)";1;7.00;"ESPUMA PARA PESTAÑAS - Limpiador en espuma (lash shampoo) para higienizar las extensiones de pestañas y el área de los ojos."
;"Pinzas para Cabello";1;1.50;"PIN - Horquillas o pasadores metálicos para sujetar el cabello durante peinados o tratamientos."
;"Extensiones de Pestañas Pelo a Pelo (Negro)";1;5.00;"PESTAÑAS PELO A PELO NEGRO - Set de pestañas individuales de color negro para la técnica de extensión de pestañas pelo a pelo."
;"Gorro Térmico para Tratamientos Capilares";1;4.00;"GORROS TERMICOS - Gorro de aluminio o eléctrico que genera calor para potenciar el efecto de tratamientos capilares como mascarillas."
;"Polvo para Uñas - Efecto Luz de Luna";1;2.50;"EFECTO LUZ DE LUNA - Polvo fino o pigmento para uñas que crea un acabado iridiscente o perlado, similar al reflejo de la luna."
;"Peines de Carbono (Antiestáticos)";1;3.00;"PEINES CARBON - Peines fabricados con fibra de carbono, conocidos por ser antiestáticos, resistentes al calor y muy duraderos."
;"Cortacutículas Profesional 'K'";1;2.00;"CORTACUTICULAS K - Herramienta metálica pequeña, probablemente de la marca 'K', para cortar el exceso de cutícula."
;"Pincel para Uñas con Mango de Madera";1;2.50;"PINCEL DE MADERA - Pincel para nail art o aplicación de acrílico con mango de madera."
;"Brocha para Barbero (Sacudidor)";1;5.00;"BROCHAS DE BARBEROS - Brocha, usualmente con cerdas suaves, utilizada por barberos para sacudir el cabello cortado del cuello y la cara."
;"Pincel para Alto Relieve (Nail Art 3D)";1;3.50;"PINCEL ALTO RELIEVE - Pincel especial, usualmente fino y largo, para la técnica de 'nail art' en 3D o alto relieve."
;"Gotas Mágicas Secantes para Uñas";1;4.00;"GOTAS MAGICAS ROSADAS - Líquido, posiblemente un secante rápido o un abrillantador para el esmalte de uñas, con un color rosado."
;"Tijera de Peluquería (Mango Negro)";1;3.00;"TIJERA MANGO NEGRO - Tijera de uso general en peluquería o manicura, con mangos de plástico de color negro."
;"Tijera de Manicura (Acero Inoxidable)";1;4.00;"TIJERA DE METAL - Tijera completamente metálica, usualmente de acero inoxidable, para cortar uñas o cabello."
;"Rollo de Formas Esculturales para Uñas";1;3.50;"ROLLOS DE FORMAS PARA UÑAS - Rollo de pegatinas desechables que se colocan debajo del borde de la uña para esculpir extensiones de acrílico o gel."
;"Parches de Hidrogel para Pestañas";1;1.00;"PARCHES DE HIDROGEL - Almohadillas de hidrogel que se colocan debajo de los ojos para proteger la piel durante la aplicación de extensiones de pestañas."
;"Tips de Soft Gel (Jelly Tips) - Forma Coffin";1;6.00;"JELLY TIPS COFFIN - Puntas de uña postiza de gel suave (soft gel) con forma 'coffin' (ataúd), para una aplicación rápida de extensiones."
;"Tips de Soft Gel (Jelly Tips) - Curva C";1;6.00;"JELLY TIPS CURVA C - Puntas de uña postiza de gel suave (soft gel) con una pronunciada 'Curva C' para una estructura más resistente y estilizada."
;"Base Rubber (Gel Nivelador)";1;12.00;"BASES RUBER - Base de gel (rubber base) de consistencia espesa que aporta flexibilidad y resistencia a uñas débiles o quebradizas."
;"Organizador para Decoración de Uñas (Pastillero)";1;2.00;"PASTILLEROS DE CRISTALES - Pequeño contenedor con compartimentos para organizar y almacenar decoraciones de uñas como cristales y balines."
;"Filtros para Extractor de Polvo de Uñas";1;5.00;"FILTROS - Filtros de repuesto para aspiradores de polvo de uñas, que capturan los residuos del limado."
;"Tratamiento Capilar Olaplex (Baño de Crema)";1;15.00;"OLAPLEX BAÑO DE CREMA - Tratamiento capilar intensivo de la marca Olaplex, diseñado para reparar y fortalecer el cabello dañado."
;"Monómero Super Crystal";1;9.00;"MONOMERO SUPER CRISTAL - Líquido acrílico de la marca Super Crystal, conocido por su claridad y calidad para uñas acrílicas."
;"Decoración para Uñas - Coronas";1;2.50;"CORONAS - Decoración para uñas en forma de corona, usualmente metálica y con incrustaciones de imitación."
;"Calcomanías para Uñas (Diseños Variados)";1;1.00;"CALCOMANIAS VARIADAS - Láminas con diseños variados que se transfieren a las uñas con agua o como pegatina."
;"Mini Ventilador para Secado de Pestañas";1;7.00;"VENTILADOR DE PESTAÑAS - Pequeño ventilador portátil para acelerar el secado del adhesivo de extensiones de pestañas."
;"Imán para Esmalte Ojo de Gato (Cat Eye)";1;2.00;"IMANES - Imán utilizado para crear el efecto 'ojo de gato' (cat eye) en esmaltes magnéticos."
;"Pinceles de Silicona para Nail Art (Rosa)";1;3.00;"SILICONAS ROSAS - Herramientas de silicona con punta, de color rosa, usadas para esculpir, aplicar pigmentos o para 'nail art' sin dañar el esmalte."
;"Cera Depilatoria Granulada";1;8.00;"CERA GRANULADA - Cera depilatoria en formato de perlas o granos, que se derrite en una olla especial para su aplicación."
;"Olla Calentadora de Cera Profesional (Pro-Wax)";1;15.00;"OLLA PRO WAX - Calentador eléctrico profesional para derretir cera depilatoria en lata o granulada."
;"Brocha para Tinte de Cabello";1;1.50;"BOCHAS DE TINTE - Brochas de plástico con cerdas sintéticas para aplicar tinte de cabello de manera uniforme."
;"Decoración para Uñas - Grapas Doradas";1;2.00;"GRAPAS DORADAS - Decoraciones metálicas doradas en forma de grapa o barra para incrustar en las uñas."
;"Decoración para Uñas - Grapas de Colores";1;2.00;"GRAPAS COLORES - Decoraciones metálicas de colores en forma de grapa o barra para 'nail art'."
;"Pincel Liner para Nail Art";1;2.00;"PINCEL LINER - Pincel de 'nail art' con cerdas muy finas y largas, ideal para trazar líneas rectas y detalles precisos."
;"Lámpara UV/LED para Uñas (120W)";1;25.00;"LAMPARA W 120 - Lámpara de curado UV/LED de 120 vatios de potencia, para un secado rápido de geles de uñas."
;"Pigmentos en Polvo para Uñas";1;2.50;"PIGMENTOS - Polvos de color puro y concentrado para mezclar con acrílico o gel, o para aplicar directamente sobre la uña."
;"Pegamento Transparente para Uñas";1;2.00;"PEGA TRANSPARENTE - Adhesivo transparente de uso general para decoraciones de uñas o tips."
;"Calcomanías Faciales (Gemas y Diseños)";1;3.00;"CALCOMANIS FACIAL - Pegatinas decorativas para la piel del rostro, usualmente con gemas o diseños de fantasía."
;"Balines para Uñas (Dorados/Plateados)";1;1.50;"BALINES DORADOS/PLATEADOS - Pequeñas esferas metálicas en colores dorado y plateado para decoración de uñas."
;"Torno de Uñas Inalámbrico BQ-101";1;35.00;"DREMEL INALAMBRICO BQ 101 - Torno o pulidor de uñas eléctrico e inalámbrico, modelo BQ-101, para manicura y pedicura profesional."
;"Lima de Uñas Tiffany (Grano 100/180)";1;1.50;"LIMA TIFFANY 100/180 - Lima de uñas de la marca Tiffany con dos granos: 100 (más abrasivo) y 180 (más suave)."
;"Top Coat Tiffany";1;4.00;"TOP COAT TIFFANY - Capa final (sellador) de la marca Tiffany para proteger el esmalte y dar un acabado brillante."
;"Base Coat Tiffany";1;4.00;"BASE COAT TIFFANY - Capa base de la marca Tiffany para proteger la uña y mejorar la adherencia del esmalte."
;"Finish Gel UV Tiffany";1;4.50;"FINISH GEL UV TIFFANY - Gel de acabado de la marca Tiffany que requiere curado en lámpara UV/LED para un brillo duradero."
;"Top Coat Reflective Glitter (10 ml)";1;5.00;"TOP COAT REFLECTIVE GLITER 10 ML - Top coat con partículas de glitter reflectivo que brillan intensamente con la luz directa o el flash."
;"Top Gel Reforzador 6 en 1 (15 ml)";1;9.00;"TOP GEL 6 EN 1 REFORZAMIENTO 15 ML - Gel finalizador multifuncional que sirve como top coat, reforzador de uña, nivelador y más."
;"Nail Prep Nivelador de pH Tiffany";1;4.00;"NAIL PREP NIVELADOR TIFFANY - Preparador de la marca Tiffany que deshidrata la uña y nivela el pH para una mejor adhesión de productos."
;"Pestañas Postizas (Efecto Cruzado)";1;2.50;"PESTAÑAS CRUZADAS - Pestañas postizas en tira con un patrón de pelos entrecruzados para un efecto de mayor volumen y naturalidad."
;"Esmalte Semipermanente (Color Variado)";1;4.00;"ESMALTE SEMIPERMANENTE - Esmalte de uñas que requiere curado en lámpara UV/LED y ofrece una duración de varias semanas."
;"Mini Lámpara LED para Uñas (Forma de Huevo)";1;5.00;"LAMPARA MINI HUEVITO - Lámpara de curado LED muy pequeña y portátil, con forma de huevo, para curar una uña a la vez."
;"Carrusel de Balines para Uñas (Mixto)";1;2.00;"CARRUSEL DE BALINES MIXTA - Contenedor giratorio (carrusel) con balines de diferentes colores o tamaños para decoración de uñas."
;"Empujador de Cutícula de Metal con Lanza";1;3.00;"REPUJADOR DE METAL CON LANZA - Herramienta de manicura de metal con un extremo para empujar la cutícula y otro en forma de lanza para limpiar."
;"Empujador de Cutícula con Punta Triangular";1;3.00;"REPUJADOR TRIANGULO - Herramienta de manicura con una punta en forma de triángulo para facilitar la limpieza debajo de la uña y los bordes."
;"Spider Gel para Nail Art (Color Sangría)";1;4.50;"GEL SPIDER SANGRIA - Gel para 'nail art' de alta viscosidad y color sangría, que permite crear líneas finas y rectas como telarañas."
;"Punteros para Nail Art (Dotting Tool)";1;2.00;"PUNTEROS - Herramienta de 'nail art' con puntas esféricas de diferentes tamaños para crear puntos, círculos y otros diseños."
;"Navaja de Afeitar de Acero Inoxidable Salom";1;3.50;"NAVAJA ACERO INOX SALOM - Navaja de acero inoxidable de la marca Salom, utilizada en barbería para perfilar o afeitar."
;"Hilo Tinturado para Diseño de Cejas (Brow Mapping)";1;5.00;"HILO TINTURADO - Hilo pre-entintado utilizado para el diseño de cejas (brow mapping), que marca las líneas guía en la piel."
;"Algodón o Gasa para Manicura";1;2.00;"ALGODÓN GAZA - Algodón o gasa en rollo o almohadillas para limpieza en procedimientos de manicura o cosméticos."
;"Atomizador de Agua para Barbería";1;4.00;"ATOMIZADOR BARBERO - Botella con rociador para humedecer el cabello durante el corte, de estilo clásico de barbería."
;"Bigudíes de Silicona para Lifting de Pestañas";1;3.00;"BIGUDIES PESTAÑAS - Pequeños rulos o moldes de silicona sobre los que se curvan las pestañas durante un procedimiento de lifting."
;"Bledo para Uñas (Arcoíris, Largo y Delgado)";1;4.00;"BLEDO ARCOIRIS LARGO DELG - Brocha larga y delgada con cerdas de colores arcoíris para retirar el polvo de las uñas después del limado."
;"Bledo para Uñas (Arcoíris, Largo y Ancho)";1;5.00;"BLEDO ARCOIRIS LARGO - Brocha ancha y larga con cerdas de colores arcoíris para retirar el polvo de las uñas."
;"Bombas Efervescentes para Manicura";1;1.50;"BOLITAS EFERVECENTE - Pequeñas bombas de baño para manos, que se disuelven en agua para ablandar cutículas y preparar la manicura."
;"Builder Gel Autonivelador";1;12.00;"BUILDER GEL AUTONIVELADOR - Gel constructor que se nivela por sí mismo, facilitando una aplicación más rápida y uniforme."
;"Carta de Colores para Tinte de Cabello";1;10.00;"CARTA TINTE CABELLO - Catálogo de mechas de cabello que muestra los colores de una línea de tintes para el cabello."
;"Cepillo Pequeño para Limpieza de Uñas";1;1.00;"CEPILLO LIMPIADOR PEQUEÑO - Cepillo pequeño y rígido para limpiar el polvo de las uñas y herramientas."
;"Cortacutículas M.P";1;2.00;"CORTACUTICULA M.P - Cortacutículas de una marca económica o genérica, identificada como 'M.P'."
;"Cortacutículas M.P.R";1;2.00;"CORTACUTICULA M .P.R - Cortacutículas de una marca económica o genérica, similar al anterior."
;"Cortauñas (Acabado Tornasol)";1;3.00;"CORTAUÑAS ARCOIRIRS - Cortauñas con un acabado metálico tornasolado, tipo arcoíris."
;"Cuaderno de Práctica para One Stroke";1;1.00;"CUADRNO P/ONESTRONE - Posiblemente un 'Cuaderno para 'one stroke'', una libreta para practicar la técnica de pintura de 'nail art' de un solo trazo."
;"Vaso Dappen de Vidrio";1;1.00;"DAPPEN SENCILLO - Vaso pequeño de vidrio (vaso Dappen) para colocar el monómero durante la aplicación de uñas acrílicas."
;"Polvo Decolorante para Cabello Maxglow";1;7.00;"DECOLORANTE MAXGLOW - Polvo decolorante de la marca Maxglow para aclarar el cabello."
;"Dispensador de Acetona con Bomba";1;3.50;"DISPENSADOR DE ACETONA - Botella con dosificador a presión para humedecer fácilmente un algodón con acetona o removedor."
;"Torno de Uñas Recargable (Acabado Tornasol)";1;40.00;"DREMEL TORNASOL REC - Torno de uñas eléctrico y recargable con un acabado metálico tornasolado."
;"Finish Gel Efecto Pavo Real (Peacock)";1;5.00;"FINISH PEACOCK - Gel finalizador con un efecto 'pavo real', que probablemente contiene partículas que cambian de color."
;"Finish Gel Premium 'M' (15 ml)";1;9.00;"FINISH GEL PREMUM M/15ML - Gel finalizador de calidad premium de la marca 'M' en presentación de 15 ml."
;"Esmalte en Gel 3 en 1 'M' (10 ml)";1;6.00;"GEL 3 EN 1 M 10ML - Esmalte en gel 3 en 1 de la marca 'M' en presentación de 10 ml."
;"Esmalte en Gel 3 en 1 'M' (15 ml)";1;8.00;"GEL 3 EN 1 M 15ML - Esmalte en gel 3 en 1 de la marca 'M' en presentación de 15 ml."
;"Gorros Desechables de Higiene";1;1.50;"GORROS DE SEGURIDAD - Gorros desechables para cubrir el cabello y mantener la higiene durante procedimientos estéticos."
;"Removedor de Pegamento para Pestañas";1;4.50;"REMOVEDOR PEGA PESTAÑA - Removedor en gel o crema para disolver de forma segura el adhesivo de las extensiones de pestañas."
;"Líquido Sanitizante (Antiséptico)";1;3.00;"SANITIZANTE - Líquido o spray antiséptico para desinfectar manos y herramientas antes de un procedimiento."
;"Kit para Preparar Mascarillas Faciales";1;2.50;"TAZA MASCARILLA FACIAL - Kit que incluye un bol y espátula para mezclar y aplicar mascarillas faciales."
;"Tips para Uñas (Curva C) - Caja 500 uds";1;10.00;"UÑAS CURVAS C/500 - Caja con 500 tips de uña postiza con una pronunciada 'Curva C'."
;"Tips para Uñas (Forma Coffin) - Caja 500 uds";1;10.00;"UÑAS COFFIN - Caja con tips de uña postiza preformados con el estilo 'coffin' (ataúd)."
;"Tips de Soft Gel (Jelly Coffin) - Caja 100 uds";1;8.00;"UÑAS JELLYCOFFIN /100 - Caja con 100 puntas de uña de gel suave (Jelly) con forma 'coffin'."
;"Guillotina para Cortar Tips de Uñas";1;3.50;"GUILLOTINA - Herramienta para cortar tips de uñas postizas a la longitud deseada de forma recta y precisa."
;"Jelly Builder Gel (10 ml)";1;8.00;"JELLY BUILDER 10ML - Gel constructor con consistencia de gelatina en presentación de 10 ml."
;"Kit de Lifting para Pestañas";1;15.00;"KIT LIFTING - Conjunto de productos para realizar un levantamiento de pestañas (lifting), que incluye adhesivos, lociones y moldes."
;"Lámpara LED de Escritorio para Uñas (Brazo Flexible)";1;18.00;"LAMPARA JELLY MESA - Lámpara de curado LED de escritorio con un brazo flexible, ideal para sistemas de soft gel."
;"Lámpara UV/LED para Uñas SUN X5 Plus";1;20.00;"LAMPARA SUN X5 PLUS - Lámpara de curado UV/LED, modelo Sun X5 Plus, de potencia intermedia para uso doméstico o profesional."
;"Lima para Uñas Maxglow (Grano 80/80)";1;1.50;"LIMA MAXGLOW 80/80 - Lima de uñas de la marca Maxglow con un grano muy abrasivo (80/80), para rebajar acrílico o gel."
;"Lima para Uñas Sakura (Grano 100/180)";1;1.00;"LIMA SAKURA 100/180 - Lima de uñas de la marca Sakura con grano 100 (abrasivo) y 180 (suave)."
;"Moldes Dual System (Forma U)";1;5.00;"MOLDE DUAL FORMA U - Moldes reutilizables para polygel con 'forma de U', que ayudan a esculpir la uña con una sonrisa más cuadrada."
;"Monómero 'M' EMA (100 ml)";1;9.00;"MONOMERO M EMA 100ML - Líquido acrílico de la marca 'M' (EMA) en presentación de 100 ml."
;"Monómero con Aroma Tropical (50 ml)";1;5.00;"MONOMERO TROPICAL 50ML - Líquido acrílico con aroma tropical en presentación de 50 ml."
;"Exhibidor de Uñas (Natural/Transparente)";1;2.50;"MOSTRARIO NAT/CLEAR - Exhibidor de uñas en color natural o transparente para mostrar diseños de 'nail art' o colores de esmalte."
;"Painting Gel (Negro)";1;4.00;"PAITING GEL NEGRO - Gel de alta pigmentación y color negro, especial para dibujar y crear diseños de 'nail art' a mano alzada."
;"Paleta de Madera para Depilar (Pequeña)";1;0.50;"PALETA DEPILAR PEQ - Paleta de madera o plástico pequeña para aplicar cera depilatoria en áreas chicas."
;"Aplicador de Algodón (Hisopo)";1;1.00;"PALITO CON ALGODÓN - Hisopo o bastoncillo de algodón, usado para corregir errores de esmaltado o aplicar productos."
;"Palito de Naranjo para Cutículas";1;1.00;"PALITO DE NARANJA - Palito de madera de naranjo con un extremo en punta y otro biselado, para empujar cutículas y limpiar."
;"Pegamento de Resina para Uñas";1;2.50;"PEGA RESINA - Adhesivo de resina de secado rápido y muy fuerte, para pegar tips y decoraciones pesadas."
;"Extensiones de Pestañas (Volumen Ruso)";1;6.00;"PESTAÑA VOLUMEN RUSO - Abanicos de pestañas pre-armados para la técnica de volumen ruso, que crea un efecto denso y dramático."
;"Pincel para Acrílico #10 (Color Fucsia)";1;4.00;"PINCEL FUSCIA 10 - Pincel para acrílico del número 10, con mango o cerdas de color fucsia."
;"Pincel de Silicona para Nail Art";1;3.00;"PINCEL SILICON - Pincel con punta de silicona, ideal para aplicar polvos de efecto espejo, pigmentos y para esculpir sin dejar marcas."
;"Pinza para Moldes Dual System (Polygel)";1;2.00;"PINZA PARA POLIGEL - Pinza o clip para mantener el molde dual presionado sobre la uña mientras se cura el polygel."
;"Polvo Acrílico (1 oz)";1;15.00;"POLVO ACRILICO 10Z - Error de tipeo, probablemente '1oz'. Polvo acrílico en presentación de 1 onza (aprox. 28-30 gramos)."
;"Set de 6 Puntas para Manicura Rusa";1;5.00;"PUNTAS RUSAS /6 - Set de 6 puntas o fresas para torno, específicas para la técnica de manicura rusa (limpieza profunda de cutícula)."
;"Set de 12 Puntas para Manicura Rusa";1;9.00;"PUNTA RUSAS /12 - Set de 12 puntas o fresas para torno, para la técnica de manicura rusa."
